<environmentvariabledefinition schemaname="maz_SPSourceSite">
  <apiid>/providers/microsoft.powerapps/apis/shared_sharepointonline</apiid>
  <defaultvalue>https://devsky365.sharepoint.com/sites/Demo03</defaultvalue>
  <description default="My source sharepoint site.">
    <label description="My source sharepoint site." languagecode="1031" />
  </description>
  <displayname default="SPSourceSite">
    <label description="SPSourceSite" languagecode="1031" />
  </displayname>
  <introducedversion>1.0.0.0</introducedversion>
  <iscustomizable>1</iscustomizable>
  <isrequired>0</isrequired>
  <parameterkey>dataset</parameterkey>
  <secretstore>0</secretstore>
  <type>100000004</type>
</environmentvariabledefinition>